word,added_date,week,file
der Umstand,2026-05-10,2026-W19,week_2026-W19/umstand_20260510.csv
berücksichtigen,2026-05-10,2026-W19,week_2026-W19/berücksichtigen_20260510.csv
die Anforderung,2026-05-10,2026-W19,week_2026-W19/anforderung_20260510.csv
die Liebenswürdigkeit,2026-05-10,2026-W19,week_2026-W19/liebenswürdigkeit_20260510.csv
versehen,2026-05-10,2026-W19,week_2026-W19/versehen_20260510.csv
aufwenden,2026-05-11,2026-W20,week_2026-W20/aufwenden_20260511.csv
feststellen,2026-05-11,2026-W20,week_2026-W20/feststellen_20260511.csv
angenehm,2026-05-11,2026-W20,week_2026-W20/angenehm_20260511.csv
starren,2026-05-11,2026-W20,week_2026-W20/starren_20260511.csv
verdächtig,2026-05-11,2026-W20,week_2026-W20/verdächtig_20260511.csv
im Begriff sein,2026-05-11,2026-W20,week_2026-W20/im_begriff_sein_20260511.csv
antreten,2026-05-11,2026-W20,week_2026-W20/antreten_20260511.csv
eifrig,2026-05-11,2026-W20,week_2026-W20/eifrig_20260511.csv
sich bemühen,2026-05-11,2026-W20,week_2026-W20/sich_bemühen_20260511.csv
soeben,2026-05-11,2026-W20,week_2026-W20/soeben_20260511.csv
gönnen,2026-05-11,2026-W20,week_2026-W20/gönnen_20260511.csv
widrig,2026-05-12,2026-W20,week_2026-W20/widrig_20260512.csv
das Gebiet,2026-05-12,2026-W20,week_2026-W20/gebiet_20260512.csv
die Gegend,2026-05-12,2026-W20,week_2026-W20/gegend_20260512.csv
eintreten,2026-05-12,2026-W20,week_2026-W20/eintreten_20260512.csv
betrüblich,2026-05-12,2026-W20,week_2026-W20/betrüblich_20260512.csv
schleunig,2026-05-10,2026-W19,week_2026-W19/schleunig_20260507.csv
verlangen,2026-05-10,2026-W19,week_2026-W19/verlangen_20260507.csv
Verpflegung,2026-05-10,2026-W19,week_2026-W19/Verpflegung_20260507.csv
Vorrat,2026-05-10,2026-W19,week_2026-W19/Vorrat_20260508.csv
